neighbourhood,side
Loop,central
Near North Side,central
North Center,north
River North,central
River West,central
Andersonville,far north
Edison Park,far north
Lincoln Square,far north
O'Hare,far north
Rogers Park,far north
West Ridge,far north
Avalon Park,far southeast
Boystown,north
Bucktown,north
Edgewater,far north
Gold Coast,central
Lakeview,north
Lincoln Park,north
North Park,far north
Old Town,central
Roscoe Village,north
Streeterville,central
Uptown,far north
Wrigleyville,north
Albany Park,far north
Avondale,north
Belmont Cragin,north west
Dunning,north west
Hermosa,north west
Irving Park,north west
Jefferson Park,far north
Logan Square,north
Montclare,north west
Norwood Park,far north
Portage Park,north west
Sauganash,far north
NA,other
Archer Heights,south west
Armour Square,south
Ashburn,far southwest
Auburn Gresham,far southwest
Bridgeport,south
Bronzeville,south
Calumet Heights,far southeast
Chatham,far southeast
Chinatown,south
Englewood,south west
Grand Crossing,south
Hegewisch,far southeast
Hyde Park,south
Kenwood,south
Morgan Park,far southwest
Oakland,south
Pullman,far southeast
Riverdale,far southeast
Roseland,far southeast
South Chicago,far southeast
South Deering,far southeast
South Loop/Printers Row,central
South Shore,south
Washington Heights,far southwest
Washington Park,south
West Pullman,far southeast
Woodlawn,south
Back of the Yards,south west
Beverly,far southwest
Brighton Park,south west
Clearing,south west
Gage Park,south west
Garfield Ridge,south west
Marquette Park,south west
McKinley Park,south west
West Elsdon,south west
West Lawn,south west
Austin,west
Galewood,west
Garfield Park,west
Humboldt Park,west
Little Italy/UIC,west
Little Village,west
Near West Side,west
North Lawndale,west
Pilsen,west
Ukrainian Village,west
West Loop/Greektown,central
West Town/Noble Square,west
Wicker Park,west